Model,Train_Accuracy,Train_Precision,Train_Recall,Train_F1-Score,Train_ROC-AUC,Test_Accuracy,Test_Precision,Test_Recall,Test_F1-Score,Test_ROC-AUC
LogisticRegression,0.9971,0.9967522734086139,0.99745,0.9971010146448743,0.9999289725,0.8803,0.8785586303006172,0.8826,0.8805746782400479,0.9474535999999999
ExtraTreesClassifier,1.0,1.0,1.0,1.0,1.0,0.8756,0.8752997601918465,0.876,0.8756497401039585,0.9457641999999999
ComplementNB,0.881475,0.8794827157423526,0.8841,0.8817853135519262,0.94376169375,0.8699,0.8655860842063648,0.8758,0.8706630877820857,0.9320102600000002
MultinomialNB,0.881475,0.8794827157423526,0.8841,0.8817853135519262,0.9437613487500001,0.8699,0.8655860842063648,0.8758,0.8706630877820857,0.9320279800000001
LinearSVC,1.0,1.0,1.0,1.0,1.0,0.8626,0.8628903122497998,0.8622,0.8625450180072028,0.9318299999999999
RandomForestClassifier,1.0,1.0,1.0,1.0,1.0,0.8617,0.8574817157541016,0.8676,0.8625111840143156,0.9329515199999999
