Model,Fit_Time_sec,Train_Accuracy,Train_Precision,Train_Recall,Train_F1-Score,Train_ROC-AUC,Test_Accuracy,Test_Precision,Test_Recall,Test_F1-Score,Test_ROC-AUC
LogisticRegression,17.19294171333313,0.9960711111111109,0.9955206527682133,0.9966266666666665,0.9960733091128052,0.9998639120987655,0.8813400000000001,0.8789413110791902,0.8846,0.881721998573625,0.9469483679999999
ExtraTreesClassifier,651.6511227607728,1.0,1.0,1.0,1.0,1.0,0.87492,0.8766820830272131,0.8726,0.8746246170949019,0.9439400240000001
ComplementNB,0.26366634368896485,0.8803577777777777,0.8779340168882342,0.8835644444444444,0.8807400262672174,0.9424883717530864,0.86554,0.8624539721512228,0.8698,0.8660874938886673,0.929630472
MultinomialNB,0.24766273498535157,0.8803577777777777,0.8779340168882342,0.8835644444444444,0.8807400262672174,0.9424888209382715,0.86554,0.8624539721512228,0.8698,0.8660874938886673,0.9296304880000001
LinearSVC,198.41567280292512,1.0,1.0,1.0,1.0,1.0,0.86008,0.8598690002985642,0.86044,0.8601146266408115,0.9297802559999999
RandomForestClassifier,477.5180498600006,1.0,1.0,1.0,1.0,1.0,0.8560000000000001,0.8542188582755944,0.85856,0.8563675414103239,0.9312410479999998
