Model,Fit_Time_sec,Train_Accuracy,Train_Precision,Train_Recall,Train_F1,Train_Roc_auc,Test_Accuracy,Test_Precision,Test_Recall,Test_F1,Test_Roc_auc
LogisticRegression,9.660204982757568,0.9972850000000001,0.9969719794252392,0.9976001544001211,0.997285951358837,0.9999180044100846,0.8806799999999999,0.8768475608341786,0.8857509442083173,0.8812747363550246,0.946629528454005
LinearSVC,109.42147068977356,1.0,1.0,1.0,1.0,1.0,0.8602399999999999,0.858231454783829,0.8630257042220915,0.8606187922090639,0.9302342153543048
MultinomialNB,0.15699405670166017,0.88209,0.8798039888678952,0.8851009477760379,0.8824437563052658,0.9437609853105456,0.8656200000000001,0.8619903386010501,0.8706464679644877,0.8662883369070986,0.9292830259138961
ComplementNB,0.1613480567932129,0.8821100000000002,0.8798315226801003,0.8851110678697172,0.882462521182031,0.9437604530588575,0.8656,0.8619848350066605,0.8706062427030234,0.8662658412093712,0.929283097916908
RandomForestClassifier,292.68473610877993,1.0,1.0,1.0,1.0,1.0,0.8548199999999999,0.85277777805785,0.8577188985750679,0.8552349108184665,0.9291128402091278
ExtraTreesClassifier,398.4418403625488,1.0,1.0,1.0,1.0,1.0,0.8739000000000001,0.8758393649140475,0.8713248290919078,0.8735683609394748,0.9430509817444902
