Model,Fit_Time_sec,Train_Accuracy,Train_Precision,Train_Recall,Train_F1,Train_Roc_auc,Test_Accuracy,Test_Precision,Test_Recall,Test_F1,Test_Roc_auc
LogisticRegression,20.27659773826599,0.99745,0.997102028579994,0.9978,0.9974508921877343,0.99991832,0.8789,0.872712964784576,0.8872,0.8798968560944164,0.94454208
LinearSVC,65.46814274787903,1.0,1.0,1.0,1.0,1.0,0.8566,0.8546141607000796,0.8594,0.8570003988831273,0.9288984000000001
MultinomialNB,0.04417681694030762,0.88265,0.8799523383973786,0.8862,0.8830651188281601,0.944475615,0.8626,0.859009900990099,0.8676,0.8632835820895522,0.9251499599999998
ComplementNB,0.04775500297546387,0.88265,0.8799523383973786,0.8862,0.8830651188281601,0.94447599375,0.8626,0.859009900990099,0.8676,0.8632835820895522,0.9251513399999999
RandomForestClassifier,82.58448028564453,1.0,1.0,1.0,1.0,1.0,0.8537,0.8477876106194691,0.8622,0.854933068914229,0.9308843800000001
ExtraTreesClassifier,114.76268100738525,1.0,1.0,1.0,1.0,1.0,0.8716,0.8664694280078895,0.8786,0.8724925521350546,0.9419213799999999
