Model,Fit_Time_sec,Train_Accuracy,Train_Precision,Train_Recall,Train_F1,Train_Roc_auc,Test_Accuracy,Test_Precision,Test_Recall,Test_F1,Test_Roc_auc
LogisticRegression,0.3269211292266846,0.732545,0.7324168354232965,0.7328188478770858,0.7326174310768143,0.7982600180940288,0.73246,0.7323617522911208,0.7326771876940227,0.7325099385982392,0.7982217015924002
LinearSVC,0.15204005241394042,0.7325,0.732593061218831,0.732298514912135,0.7324451924590901,0.7981727395046085,0.7325200000000001,0.7326943619310724,0.7321566655591344,0.7324145605542318,0.7981356598026814
MultinomialNB,0.021631526947021484,0.7300949999999999,0.7198689256415071,0.7533493455663689,0.736228413575092,0.7956841889653307,0.73026,0.7200088080608504,0.7535549550334758,0.7363972708702132,0.7956641926198564
ComplementNB,0.021807527542114256,0.73011,0.7198940798951167,0.7533398419357882,0.7362369348717459,0.7956841889653307,0.7302,0.7198920396417223,0.7536338010163062,0.7363740802163363,0.7956641926198564
RandomForestClassifier,11.99539680480957,0.9958349999999999,0.9956910762799248,0.9959799496955402,0.9958354827188141,0.9999359534247407,0.7001999999999999,0.7065217095426432,0.6849147926694583,0.6955453583921191,0.7683685046561867
ExtraTreesClassifier,8.645533037185668,0.99587,0.9998487855220318,0.9918897963375741,0.9958533624728061,0.9999658129592897,0.6847000000000001,0.6896662139349905,0.6716748132880308,0.6805390242570208,0.7474239736475321
