Model,Fit_Time_sec,Train_Accuracy,Train_Precision,Train_Recall,Train_F1-Score,Train_ROC-AUC,Test_Accuracy,Test_Precision,Test_Recall,Test_F1-Score,Test_ROC-AUC
ComplementNB,0.037047076225280764,0.7300977777777778,0.7198872818421946,0.7533155555555555,0.7362220465023757,0.7956836377283951,0.7300199999999999,0.7197666307504127,0.75336,0.7361721474518977,0.795655808
MultinomialNB,0.04171738624572754,0.7300977777777778,0.7198872818421946,0.7533155555555555,0.7362220465023757,0.7956836377283951,0.7300199999999999,0.7197666307504127,0.75336,0.7361721474518977,0.795655808
LogisticRegression,0.5328064680099487,0.7325911111111112,0.7324717036821633,0.732848888888889,0.7326599779608932,0.7982577258271605,0.73272,0.7325962000571133,0.733,0.7327841773013185,0.798209344
LinearSVC,0.259541916847229,0.7323555555555555,0.73246802344505,0.7321155555555555,0.7322912916930358,0.7981708053333334,0.7325799999999999,0.7326514186073013,0.73244,0.7325302486009002,0.798123184
RandomForestClassifier,17.891950726509094,0.9952955555555555,0.9954519872100747,0.9951377777777777,0.9952947954872708,0.9999217785679011,0.69966,0.705606833896091,0.6852400000000001,0.695260815643897,0.767707688
ExtraTreesClassifier,12.964829802513123,0.9953577777777778,0.9998071712543857,0.9909066666666666,0.9953370027105037,0.9999568250864199,0.6861,0.6907945354282465,0.67384,0.6821777735740815,0.74761284
