Model,Train_Accuracy,Train_Precision,Train_Recall,Train_F1-Score,Train_ROC-AUC,Test_Accuracy,Test_Precision,Test_Recall,Test_F1-Score,Test_ROC-AUC
ComplementNB,0.729125,0.7185785833532077,0.75325,0.7355059196875381,0.7952372825,0.7343,0.7247266449261461,0.7556,0.7398413786350729,0.7973166999999999
MultinomialNB,0.729125,0.7185785833532077,0.75325,0.7355059196875381,0.7952372825,0.7343,0.7247266449261461,0.7556,0.7398413786350729,0.7973166999999999
LinearSVC,0.732125,0.7311886858224192,0.73415,0.7326663506399541,0.7978387175,0.7357,0.7370750352041843,0.7328,0.7349313007722394,0.79977674
LogisticRegression,0.73205,0.731286753712748,0.7337,0.7324913892078071,0.7979000624999999,0.7355,0.7367786044641061,0.7328,0.7347839165747518,0.79984846
RandomForestClassifier,0.995675,0.9954025286092649,0.99595,0.9956761890480118,0.99992980875,0.7065,0.7117080172237031,0.6942,0.7028449934190544,0.7715878200000001
ExtraTreesClassifier,0.995725,0.9997983566063416,0.99165,0.9957075080954891,0.9999634175,0.6878,0.6923392052437526,0.676,0.6840720501922688,0.7515584200000001
