Model,Fit_Time_sec,Train_Accuracy,Train_Precision,Train_Recall,Train_F1,Train_Roc_auc,Test_Accuracy,Test_Precision,Test_Recall,Test_F1,Test_Roc_auc
LogisticRegression,0.33840084075927734,0.7316,0.7313224131042748,0.7322,0.7317609434339396,0.7971378025,0.737,0.7367159408709548,0.7376,0.7371577053767739,0.80277738
LinearSVC,0.07265543937683105,0.73115,0.7311268873112688,0.7312,0.7311634418279086,0.7970657449999999,0.7365,0.7363581850889467,0.7368,0.7365790262921124,0.80270098
MultinomialNB,0.007699728012084961,0.72955,0.7195180262025438,0.7524,0.7355917289925209,0.7942990925,0.7321,0.7210897313774052,0.757,0.7386086447458289,0.8012785400000001
ComplementNB,0.008098840713500977,0.72955,0.7195180262025438,0.7524,0.7355917289925209,0.7942990925,0.7321,0.7210897313774052,0.757,0.7386086447458289,0.8012785400000001
RandomForestClassifier,3.784943103790283,0.99575,0.9957995799579958,0.9957,0.9957497874893745,0.99993732625,0.703,0.7088477366255144,0.689,0.6987829614604463,0.7710474399999999
ExtraTreesClassifier,2.445767402648926,0.995825,0.999848782700741,0.9918,0.995808127714049,0.9999651225,0.6871,0.6894875430423334,0.6808,0.6851162322632586,0.7524454
