Model,Fit_Time_sec,Train_Accuracy,Train_Precision,Train_Recall,Train_F1,Train_Roc_auc,Test_Accuracy,Test_Precision,Test_Recall,Test_F1,Test_Roc_auc
SGDClassifier,1.2813735485076905,0.5,0.4,0.8,0.5333331577320879,0.7338972475921302,0.5,0.4,0.8,0.5333305273493287,0.7321060383339656
LogisticRegression,0.42449417114257815,0.50039,0.30019500000000005,0.6,0.40017327047203544,0.6869761989124867,0.49844,0.29922,0.6,0.3993056586745497,0.6851721246607827
LinearSVC,1.8060664176940917,0.6000599999999999,0.6741353483007222,0.6803129129396207,0.5571186725609525,0.7342339556495198,0.5980000000000001,0.6672332311376649,0.6810339934090861,0.5561404929247279,0.7324348590855051
RandomForestClassifier,194.179625082016,1.0,1.0,1.0,1.0,1.0,0.6843600000000001,0.6806796985688237,0.6945391686885827,0.6875326002580745,0.7542241502952448
ExtraTreesClassifier,41.427409982681276,1.0,1.0,1.0,1.0,1.0,0.67492,0.6742605512130014,0.6770710618140201,0.6756020284526313,0.7437328448200418
