Model,Fit_Time_sec,Train_Accuracy,Train_Precision,Train_Recall,Train_F1,Train_Roc_auc,Test_Accuracy,Test_Precision,Test_Recall,Test_F1,Test_Roc_auc
SGDClassifier,0.8329699039459229,0.5,0.5,1.0,0.6666666666666666,0.7346108862500002,0.5,0.5,1.0,0.6666666666666666,0.73101244
LogisticRegression,0.056493520736694336,0.5,0.0,0.0,0.0,0.5,0.5,0.0,0.0,0.0,0.5
LinearSVC,0.5336208343505859,0.667675,0.6493564334387387,0.729,0.6868772524909901,0.7350373825000001,0.6684,0.6529796511627907,0.7188,0.6843107387661843,0.7314191999999999
RandomForestClassifier,55.98700976371765,1.0,1.0,1.0,1.0,1.0,0.6792,0.679559118236473,0.6782,0.6788788788788789,0.74798268
ExtraTreesClassifier,11.674114227294922,1.0,1.0,1.0,1.0,1.0,0.6735,0.6748639387220319,0.6696,0.6722216644915169,0.7397438000000001
