Model,Fit_Time_sec,Train_Accuracy,Train_Precision,Train_Recall,Train_F1,Train_Roc_auc,Test_Accuracy,Test_Precision,Test_Recall,Test_F1,Test_Roc_auc
LogisticRegression,1.9626708030700684,0.9317050000000002,0.9246189192287231,0.9400492247465418,0.9322698580635475,0.9814994003802701,0.89728,0.8889659998507492,0.907959901649584,0.8983596014632038,0.9621187099487303
LinearSVC,3.030796670913696,0.9816099999999999,0.9793287223742897,0.9839895369154574,0.9816533859730902,0.9982271258662282,0.89222,0.8867265059758234,0.8993244046054301,0.8929782024754862,0.9587252494154255
MultinomialNB,0.15362701416015626,0.8939199999999999,0.8845226944374499,0.9061407991819124,0.8952008787562077,0.9593836443076331,0.8745799999999999,0.8646488031947026,0.8882092979819074,0.8762641148485285,0.945146366566423
ComplementNB,0.1551057815551758,0.8939450000000001,0.884513656941907,0.9062111376341629,0.895230142862425,0.9593836443076331,0.87476,0.8647806745337906,0.888446905623797,0.8764483337513532,0.945146366566423
RandomForestClassifier,276.9123371601105,1.0,1.0,1.0,1.0,1.0,0.85488,0.8553303945487738,0.854296245743306,0.8547941151816024,0.9321627304654504
ExtraTreesClassifier,404.8756315231323,1.0,1.0,1.0,1.0,1.0,0.8689599999999998,0.8679336063295287,0.8703731074864992,0.8691387334582945,0.941005450748017
