Model,Fit_Time_sec,Train_Accuracy,Train_Precision,Train_Recall,Train_F1,Train_Roc_auc,Test_Accuracy,Test_Precision,Test_Recall,Test_F1,Test_Roc_auc
LogisticRegression,2.308213233947754,0.9331,0.9267415508917135,0.94055,0.9335947193409102,0.9819703550000001,0.8925,0.8860908912059807,0.9008,0.8933849052861251,0.9594843599999999
LinearSVC,1.685119867324829,0.98215,0.9802290836653387,0.98415,0.9821856287425149,0.9982783775,0.8888,0.8866348448687351,0.8916,0.8891104906262465,0.95617208
MultinomialNB,0.04098033905029297,0.895925,0.8864756698716384,0.90815,0.8971819506532639,0.9596158575000001,0.8694,0.8614481409001957,0.8804,0.8708209693372898,0.9430824800000001
ComplementNB,0.041231632232666016,0.895925,0.8864756698716384,0.90815,0.8971819506532639,0.9596158575000001,0.8694,0.8614481409001957,0.8804,0.8708209693372898,0.9430824800000001
RandomForestClassifier,79.57519102096558,1.0,1.0,1.0,1.0,1.0,0.849,0.8525252525252526,0.844,0.8482412060301507,0.9292207
ExtraTreesClassifier,116.91155815124512,1.0,1.0,1.0,1.0,1.0,0.8636,0.8630191693290735,0.8644,0.863709032773781,0.93862992
