Model,Fit_Time_sec,Train_Accuracy,Train_Precision,Train_Recall,Train_F1-Score,Train_ROC-AUC,Test_Accuracy,Test_Precision,Test_Recall,Test_F1-Score,Test_ROC-AUC
LogisticRegression,1.9172001361846924,0.9309244444444446,0.9240493737126556,0.939031111111111,0.931479763845822,0.9809636039506173,0.8987999999999999,0.8907824338133145,0.90908,0.8998256927510514,0.9628539039999999
LinearSVC,5.855544090270996,0.9791622222222222,0.9768673739572146,0.9815688888888889,0.9792123200668689,0.9977444819753087,0.89308,0.8888205500860524,0.8986000000000001,0.8936580844247656,0.959203248
MultinomialNB,0.2626335859298706,0.8926022222222223,0.8830369212422265,0.9050888888888888,0.8939267081233654,0.9582847385679013,0.8748400000000001,0.8645389874709961,0.8889999999999999,0.8765736417195573,0.9454812479999999
ComplementNB,0.24100279808044434,0.8926022222222223,0.8830369212422265,0.9050888888888888,0.8939267081233654,0.9582847385679013,0.8748400000000001,0.8645389874709961,0.8889999999999999,0.8765736417195573,0.9454812479999999
ExtraTreesClassifier,663.1454454183579,1.0,1.0,1.0,1.0,1.0,0.86846,0.8678872644630344,0.86928,0.8685574742442034,0.94081072
RandomForestClassifier,444.1014844417572,1.0,1.0,1.0,1.0,1.0,0.8556000000000001,0.8559972804668483,0.8550800000000001,0.8555251572288428,0.9327359759999998
