Model,Fit_Time_sec,Train_Accuracy,Train_Precision,Train_Recall,Train_F1,Train_Roc_auc,Test_Accuracy,Test_Precision,Test_Recall,Test_F1,Test_Roc_auc
SGDClassifier,0.8014645576477051,0.5,0.5,1.0,0.6666666666666666,0.7407467475000001,0.5,0.5,1.0,0.6666666666666666,0.74336326
LogisticRegression,0.10364866256713867,0.5,0.0,0.0,0.0,0.5,0.5,0.0,0.0,0.0,0.5
LinearSVC,0.7820618152618408,0.677475,0.6599522328872065,0.73225,0.6942238866108886,0.7456027825,0.676,0.6585014409221902,0.7312,0.6929492039423806,0.74815096
RandomForestClassifier,56.070801734924316,1.0,1.0,1.0,1.0,0.9999999999999999,0.6819,0.6831822759315207,0.6784,0.68078273958856,0.74941916
ExtraTreesClassifier,11.755632400512695,1.0,1.0,1.0,1.0,1.0,0.6696,0.6734151329243354,0.6586,0.6659251769464105,0.74026258
