Model,Fit_Time_sec,Train_Accuracy,Train_Precision,Train_Recall,Train_F1,Train_Roc_auc,Test_Accuracy,Test_Precision,Test_Recall,Test_F1,Test_Roc_auc
SGDClassifier,1.1583097934722901,0.5,0.4,0.8,0.5333331577320879,0.7389771039377268,0.5,0.4,0.8,0.5333305273493287,0.7368993261214154
LogisticRegression,0.45090112686157224,0.53147,0.32378653262518975,0.562887422515497,0.4073794895081563,0.6910822390855429,0.5276,0.3214238938053097,0.5602081665332266,0.40464085801775107,0.6887073605214115
LinearSVC,0.991209888458252,0.673805,0.6584425526687009,0.7293382223412622,0.6904059786554253,0.7436713449773134,0.66964,0.6549612935330928,0.7251272669147277,0.6864652767402291,0.7415317280054603
RandomForestClassifier,195.58289318084718,1.0,1.0,1.0,1.0,1.0,0.6748000000000001,0.6737875165129841,0.6778142408705127,0.6757575794512738,0.7436700111229547
ExtraTreesClassifier,41.47478337287903,1.0,1.0,1.0,1.0,1.0,0.6688599999999999,0.6712822404545056,0.6618646989517316,0.6665145548117869,0.7354219124214223
